Workbook

Sheet MASTER_SEKTOR
A1: sektor_id | B1: kode_sektor | C1: nama_sektor | D1: urutan
A2: SEC001 | B2: ENERGI | C2: Energi | D2: 1
A3: SEC002 | B3: IPPU | C3: IPPU | D3: 2
A4: SEC003 | B4: PERTANIAN | C4: Pertanian | D4: 3
A5: SEC004 | B5: KEHUTANAN | C5: Kehutanan | D5: 4
A6: SEC005 | B6: LIMBAH | C6: Limbah | D6: 5
A7: SEC006 | B7: FOLU | C7: FOLU | D7: 6

Sheet MASTER_SUBSEKTOR
A1: kategori_id | B1: subsektor_id | C1: subsektor | D1: nama_kategori
A2: CAT001 | B2: SEC001 | C2: ENERGI | D2: INDUSTRI ENERGI
A3: CAT002 | B3: SEC001 | C3: ENERGI | D3: MANUFAKTUR & KONSTRUKSI
A4: CAT003 | B4: SEC001 | C4: ENERGI | D4: TRANSPORTASI
A5: CAT004 | B5: SEC001 | C5: ENERGI | D5: PERKANTORAN & PEMUKIMAN
A6: CAT005 | B6: SEC001 | C6: ENERGI | D6: INDUSTRI LAINNYA
A7: CAT006 | B7: SEC001 | C7: ENERGI | D7: INDUSTRI BATU BARA
A8: CAT007 | B8: SEC001 | C8: ENERGI | D8: MINYAK & GAS BUMI
A9: CAT008 | B9: SEC002 | C9: IPPU | D9: INDUSTRI MINERAL
A10: CAT009 | B10: SEC002 | C10: IPPU | D10: INDUSTRI KIMIA
A11: CAT010 | B11: SEC002 | C11: IPPU | D11: INDUSTRI LOGAM
A12: CAT011 | B12: SEC002 | C12: IPPU | D12: INDUSTRI NON-ENERGI
... A43: CAT042 | B43: SEC005 | C43: LIMBAH | D43: LIMBAH PADAT

Sheet TABEL_NASIONAL
A1: Tahun | B1: ENERGI | C1: IPPU | D1: PERTANIAN | E1: FOLU | F1: LIMBAH | G1: TOTAL
A2: 2000 | B2: 321357.68 | C2: 39748.49 | D2: 107075.4 | E2: 945186.68 | F2: 58892.47 | G2: 1472260.7
A3: 2001 | B3: 342319.29 | C3: 45510.19 | D3: 105903.26 | E3: 487007.16 | F3: 61905.69 | G3: 1042645.6
A4: 2002 | B4: 351441.05 | C4: 38694.16 | D4: 109566.05 | E4: 533297.88 | F4: 64711.44 | G4: 1097710.6
A5: 2003 | B5: 359751.5 | C5: 38329.84 | D5: 110144.86 | E5: 476723.77 | F5: 67901.53 | G5: 1052851.5
A6: 2004 | B6: 379183.25 | C6: 40301.74 | D6: 108585.97 | E6: 692615.54 | F6: 68819.36 | G6: 1289505.9
A7: 2005 | B7: 391613.25 | C7: 39105.18 | D7: 110070.27 | E7: 691886.37 | F7: 70726.14 | G7: 1303401.2
A8: 2006 | B8: 407708.67 | C8: 35667.56 | D8: 114826.7 | E8: 1028585.3 | F8: 77336.14 | G8: 1664124.3
A9: 2007 | B9: 432321.78 | C9: 33451.06 | D9: 116205.48 | E9: 732429.87 | F9: 77271.45 | G9: 1391679.6
A10: 2008 | B10: 422737.19 | C10: 33963.18 | D10: 109753.6 | E10: 698752.26 | F10: 78473.05 | G10: 1343679.3
A11: 2009 | B11: 437204.39 | C11: 34914.53 | D11: 102880.58 | E11: 813731.21 | F11: 81254.69 | G11: 1469985.4
A12: 2010 | B12: 452552.86 | C12: 31775.9 | D12: 107619.39 | E12: 552526.66 | F12: 90554.38 | G12: 1235029.2
A13: 2011 | B13: 516577.24 | C13: 32283.64 | D13: 116885.86 | E13: 574436.6 | F13: 87132.47 | G13: 1327315.8
... A26: 2024 | B26: 804127.01 | C26: 75791.37 | D26: 114996.79 | E26: 351878.44 | F26: 148781.44 | G26: 1495575.1

Sheet USERS
A1: username | B1: password | C1: role | D1: nama
A2: admin | B2: bontang123 | C2: admin | D2: Admin GRK

Sheet DATA_NASIONAL
A1: record_id | B1: tahun | C1: negara | D1: level_data | E1: sektor_id | F1: sektor | G1: nilai_emisi | H1: jenis_nilai
A2: EN0001 | B2: 2000 | C2: INDONESIA | D2: SEKTOR | E2: SEC001 | F2: ENERGI | G2: 321357.68 | H2: EMISI
A3: EN0002 | B3: 2000 | C3: INDONESIA | D3: SEKTOR | E3: SEC002 | F3: IPPU | G3: 39748.49 | H3: EMISI
A4: EN0003 | B4: 2000 | C4: INDONESIA | D4: SEKTOR | E4: SEC003 | F4: PERTANIAN | G4: 107075.4 | H4: EMISI
A5: EN0004 | B5: 2000 | C5: INDONESIA | D5: SEKTOR | E5: SEC006 | F5: FOLU | G5: 945186.68 | H5: EMISI
A6: EN0005 | B6: 2000 | C6: INDONESIA | D6: SEKTOR | E6: SEC005 | F6: LIMBAH | G6: 58892.47 | H6: EMISI
A7: EN0006 | B7: 2001 | C7: INDONESIA | D7: SEKTOR | E7: SEC001 | F7: ENERGI | G7: 342319.29 | H7: EMISI
A8: EN0007 | B8: 2001 | C8: INDONESIA | D8: SEKTOR | E8: SEC002 | F8: IPPU | G8: 45510.19 | H8: EMISI
A9: EN0008 | B9: 2001 | C9: INDONESIA | D9: SEKTOR | E9: SEC003 | F9: PERTANIAN | G9: 105903.26 | H9: EMISI
A10: EN0009 | B10: 2001 | C10: INDONESIA | D10: SEKTOR | E10: SEC006 | F10: FOLU | G10: 487007.16 | H10: EMISI
A11: EN0010 | B11: 2001 | C11: INDONESIA | D11: SEKTOR | E11: SEC005 | F11: LIMBAH | G11: 61905.69 | H11: EMISI
A12: EN0011 | B12: 2002 | C12: INDONESIA | D12: SEKTOR | E12: SEC001 | F12: ENERGI | G12: 351441.05 | H12: EMISI
A13: EN0012 | B13: 2002 | C13: INDONESIA | D13: SEKTOR | E13: SEC002 | F13: IPPU | G13: 38694.16 | H13: EMISI
... A126: EN0125 | B126: 2024 | C126: INDONESIA | D126: SEKTOR | E126: SEC005 | F126: LIMBAH | G126: 148781.44 | H126: EMISI

Sheet DATA_SEKTOR
A1: record_id | B1: tahun | C1: provinsi | D1: kota | E1: level_data | F1: sektor_id | G1: sektor | H1: kategori_id | I1: kategori | J1: nilai_emisi | K1: jenis_nilai
A2: EM00001 | B2: 2010 | C2: Kalimantan Timur | D2: Bontang | E2: SEKTOR | F2: SEC001 | G2: ENERGI | J2: 8951.9585 | K2: Emisi/Net
A3: EM00002 | B3: 2011 | C3: Kalimantan Timur | D3: Bontang | E3: SEKTOR | F3: SEC001 | G3: ENERGI | J3: 8447.3842 | K3: Emisi/Net
A4: EM00003 | B4: 2012 | C4: Kalimantan Timur | D4: Bontang | E4: SEKTOR | F4: SEC001 | G4: ENERGI | J4: 7972.687 | K4: Emisi/Net
A5: EM00004 | B5: 2013 | C5: Kalimantan Timur | D5: Bontang | E5: SEKTOR | F5: SEC001 | G5: ENERGI | J5: 7527.555 | K5: Emisi/Net
A6: EM00005 | B6: 2014 | C6: Kalimantan Timur | D6: Bontang | E6: SEKTOR | F6: SEC001 | G6: ENERGI | J6: 7112.1265 | K6: Emisi/Net
A7: EM00006 | B7: 2015 | C7: Kalimantan Timur | D7: Bontang | E7: SEKTOR | F7: SEC001 | G7: ENERGI | J7: 6726.5552 | K7: Emisi/Net
A8: EM00007 | B8: 2016 | C8: Kalimantan Timur | D8: Bontang | E8: SEKTOR | F8: SEC001 | G8: ENERGI | J8: 6415.0158 | K8: Emisi/Net
A9: EM00008 | B9: 2017 | C9: Kalimantan Timur | D9: Bontang | E9: SEKTOR | F9: SEC001 | G9: ENERGI | J9: 6107.0707 | K9: Emisi/Net
A10: EM00009 | B10: 2018 | C10: Kalimantan Timur | D10: Bontang | E10: SEKTOR | F10: SEC001 | G10: ENERGI | J10: 5835.8703 | K10: Emisi/Net
A11: EM00010 | B11: 2019 | C11: Kalimantan Timur | D11: Bontang | E11: SEKTOR | F11: SEC001 | G11: ENERGI | J11: 5580.9539 | K11: Emisi/Net
A12: EM00011 | B12: 2020 | C12: Kalimantan Timur | D12: Bontang | E12: SEKTOR | F12: SEC001 | G12: ENERGI | J12: 5345.5883 | K12: Emisi/Net
A13: EM00012 | B13: 2021 | C13: Kalimantan Timur | D13: Bontang | E13: SEKTOR | F13: SEC001 | G13: ENERGI | J13: 5131.2122 | K13: Emisi/Net
... A81: EM00080 | B81: 2025 | C81: Kalimantan Timur | D81: Bontang | E81: SEKTOR | F81: SEC005 | G81: LIMBAH | J81: 45.029344 | K81: Emisi/Net

Sheet DATA_EKONOMI_GRK
A1: tahun | B1: kota | C1: total_emisi_gg | D1: total_emisi_ton | E1: adhk | F1: intensitas_grk
A2: 2010 | B2: Bontang | C2: =SUMIFS(DATA_SEKTOR!J:J, DATA_SEKTOR!B:B, A2) -> 12727.033 | D2: =C2*1000 -> 12727033 | E2: 54258.7 | F2: =D2/E2 -> 234.56208
A3: 2011 | B3: Bontang | C3: =SUMIFS(DATA_SEKTOR!J:J, DATA_SEKTOR!B:B, A3) -> 12594.12 | D3: =C3*1000 -> 12594120 | E3: 50234.5 | F3: =D3/E3 -> 250.70659
A4: 2012 | B4: Bontang | C4: =SUMIFS(DATA_SEKTOR!J:J, DATA_SEKTOR!B:B, A4) -> 12590.055 | D4: =C4*1000 -> 12590055 | E4: 45623.75 | F4: =D4/E4 -> 275.95397
A5: 2013 | B5: Bontang | C5: =SUMIFS(DATA_SEKTOR!J:J, DATA_SEKTOR!B:B, A5) -> 12483.654 | D5: =C5*1000 -> 12483654 | E5: 43012.34 | F5: =D5/E5 -> 290.23425
A6: 2014 | B6: Bontang | C6: =SUMIFS(DATA_SEKTOR!J:J, DATA_SEKTOR!B:B, A6) -> 12399.178 | D6: =C6*1000 -> 12399178 | E6: 41622.13 | F6: =D6/E6 -> 297.8987
A7: 2015 | B7: Bontang | C7: =SUMIFS(DATA_SEKTOR!J:J, DATA_SEKTOR!B:B, A7) -> 12256.35 | D7: =C7*1000 -> 12256350 | E7: 43437.18 | F7: =D7/E7 -> 282.16266
A8: 2016 | B8: Bontang | C8: =SUMIFS(DATA_SEKTOR!J:J, DATA_SEKTOR!B:B, A8) -> 12172.866 | D8: =C8*1000 -> 12172866 | E8: 42835.51 | F8: =D8/E8 -> 284.17698
A9: 2017 | B9: Bontang | C9: =SUMIFS(DATA_SEKTOR!J:J, DATA_SEKTOR!B:B, A9) -> 12009.796 | D9: =C9*1000 -> 12009796 | E9: 43073.06 | F9: =D9/E9 -> 278.82384
A10: 2018 | B10: Bontang | C10: =SUMIFS(DATA_SEKTOR!J:J, DATA_SEKTOR!B:B, A10) -> 11861.285 | D10: =C10*1000 -> 11861285 | E10: 41316.22 | F10: =D10/E10 -> 287.08542
A11: 2019 | B11: Bontang | C11: =SUMIFS(DATA_SEKTOR!J:J, DATA_SEKTOR!B:B, A11) -> 11664.596 | D11: =C11*1000 -> 11664596 | E11: 40427.7 | F11: =D11/E11 -> 288.5298
A12: 2020 | B12: Bontang | C12: =SUMIFS(DATA_SEKTOR!J:J, DATA_SEKTOR!B:B, A12) -> 11433.342 | D12: =C12*1000 -> 11433342 | E12: 39320.23 | F12: =D12/E12 -> 290.77507
A13: 2021 | B13: Bontang | C13: =SUMIFS(DATA_SEKTOR!J:J, DATA_SEKTOR!B:B, A13) -> 11173.49 | D13: =C13*1000 -> 11173490 | E13: 39949.08 | F13: =D13/E13 -> 279.69329
... A17: 2025 | B17: Bontang | C17: =SUMIFS(DATA_SEKTOR!J:J, DATA_SEKTOR!B:B, A17) -> 10674.782 | D17: =C17*1000 -> 10674782 | E17: 42899.73 | F17: =D17/E17 -> 248.83097

Sheet DATA_SUBSEKTOR
A1: record_id | B1: tahun | C1: provinsi | D1: kota | E1: level_data | F1: sektor_id | G1: sektor | H1: subsektor_id | I1: subsektor | J1: nilai_emisi | K1: jenis_nilai
A2: EM00081 | B2: 2010 | C2: Kalimantan Timur | D2: Bontang | E2: KATEGORI | F2: SEC001 | G2: ENERGI | H2: CAT001 | I2: INDUSTRI ENERGI | J2: 8547.5036 | K2: Emisi
A3: EM00082 | B3: 2011 | C3: Kalimantan Timur | D3: Bontang | E3: KATEGORI | F3: SEC001 | G3: ENERGI | H3: CAT001 | I3: INDUSTRI ENERGI | J3: 8088.0646 | K3: Emisi
A4: EM00083 | B4: 2012 | C4: Kalimantan Timur | D4: Bontang | E4: KATEGORI | F4: SEC001 | G4: ENERGI | H4: CAT001 | I4: INDUSTRI ENERGI | J4: 7652.4879 | K4: Emisi
A5: EM00084 | B5: 2013 | C5: Kalimantan Timur | D5: Bontang | E5: KATEGORI | F5: SEC001 | G5: ENERGI | H5: CAT001 | I5: INDUSTRI ENERGI | J5: 7240.5402 | K5: Emisi
A6: EM00085 | B6: 2014 | C6: Kalimantan Timur | D6: Bontang | E6: KATEGORI | F6: SEC001 | G6: ENERGI | H6: CAT001 | I6: INDUSTRI ENERGI | J6: 6852.3391 | K6: Emisi
A7: EM00086 | B7: 2015 | C7: Kalimantan Timur | D7: Bontang | E7: KATEGORI | F7: SEC001 | G7: ENERGI | H7: CAT001 | I7: INDUSTRI ENERGI | J7: 6487.8797 | K7: Emisi
A8: EM00087 | B8: 2016 | C8: Kalimantan Timur | D8: Bontang | E8: KATEGORI | F8: SEC001 | G8: ENERGI | H8: CAT001 | I8: INDUSTRI ENERGI | J8: 6147.1751 | K8: Emisi
A9: EM00088 | B9: 2017 | C9: Kalimantan Timur | D9: Bontang | E9: KATEGORI | F9: SEC001 | G9: ENERGI | H9: CAT001 | I9: INDUSTRI ENERGI | J9: 5827.7233 | K9: Emisi
A10: EM00089 | B10: 2018 | C10: Kalimantan Timur | D10: Bontang | E10: KATEGORI | F10: SEC001 | G10: ENERGI | H10: CAT001 | I10: INDUSTRI ENERGI | J10: 5536.8875 | K10: Emisi
A11: EM00090 | B11: 2019 | C11: Kalimantan Timur | D11: Bontang | E11: KATEGORI | F11: SEC001 | G11: ENERGI | H11: CAT001 | I11: INDUSTRI ENERGI | J11: 5267.293 | K11: Emisi
A12: EM00091 | B12: 2020 | C12: Kalimantan Timur | D12: Bontang | E12: KATEGORI | F12: SEC001 | G12: ENERGI | H12: CAT001 | I12: INDUSTRI ENERGI | J12: 5021.5115 | K12: Emisi
A13: EM00092 | B13: 2021 | C13: Kalimantan Timur | D13: Bontang | E13: KATEGORI | F13: SEC001 | G13: ENERGI | H13: CAT001 | I13: INDUSTRI ENERGI | J13: 4799.4155 | K13: Emisi
... A673: EM00752 | B673: 2025 | C673: Kalimantan Timur | D673: Bontang | E673: KATEGORI | F673: SEC005 | G673: LIMBAH | H673: CAT042 | I673: LIMBAH PADAT | J673: 22.574512 | K673: Emisi
